{
    "pools": [
      {
        "rolls": 1,
        "entries": [
          {
            "type": "minecraft:item",
            "name": "minecraft:apple",
            "functions": [
              {
                "function": "minecraft:set_count",
                "count": {
                  "min": 2,
                  "max": 4
                }
              }
            ]
          }
        ]
      },
      {
        "rolls": 1,
        "entries": [
          {
            "type": "minecraft:empty",
            "weight": 70
          },
          {
            "type": "minecraft:item",
            "weight": 30,
            "name": "minecraft:golden_apple"
          }
        ]
      },
      {
        "rolls": 1,
        "entries": [
          {
            "type": "minecraft:empty",
            "weight": 92
          },
          {
            "type": "minecraft:item",
            "weight": 8,
            "name": "minecraft:tipped_arrow",
            "functions": [
              {
                "function": "minecraft:set_count",
                "count": {
                  "min": 1,
                  "max": 2
                }
              },
              {
                "function": "minecraft:set_potion",
                "id": "minecraft:poison"
              }
            ]
          }
        ]
      },
      {
        "rolls": 1,
        "entries": [
          {
            "type": "minecraft:empty",
            "weight": 70
          },
          {
            "type": "minecraft:item",
            "weight": 30,
            "name": "minecraft:arrow",
            "functions": [
              {
                "function": "minecraft:set_count",
                "count": {
                  "min": 3,
                  "max": 10
                }
              }
            ]
          }
        ]
      },
      {
        "rolls": 1,
        "entries": [
          {
            "type": "minecraft:item",
            "name": "minecraft:bread",
            "functions": [
              {
                "function": "minecraft:set_count",
                "count": {
                  "min": 1,
                  "max": 5
                }
              }
            ]
          }
        ]
      },
      {
        "rolls": 1,
        "entries": [
          {
            "type": "minecraft:empty",
            "weight": 75
          },
          {
            "type": "minecraft:item",
            "weight": 25,
            "name": "minecraft:lapis_lazuli",
            "functions": [
              {
                "function": "minecraft:set_count",
                "count": {
                  "min": 1,
                  "max": 3
                }
              }
            ]
          }
        ]
      },
      {
        "rolls": 1,
        "entries": [
          {
            "type": "minecraft:empty",
            "weight": 70
          },
          {
            "type": "minecraft:item",
            "weight": 30,
            "name": "minecraft:shield"
          }
        ]
      },
      {
        "rolls": 1,
        "entries": [
          {
            "type": "minecraft:empty",
            "weight": 86
          },
          {
            "type": "minecraft:item",
            "weight": 14,
            "name": "minecraft:fishing_rod"
          }
        ]
      },
      {
        "rolls": 1,
        "entries": [
          {
            "type": "minecraft:item",
            "weight": 3,
            "name": "minecraft:wooden_shovel"
          },
          {
            "type": "minecraft:empty",
            "weight": 45
          },
          {
            "type": "minecraft:item",
            "weight": 20,
            "name": "minecraft:wooden_axe"
          },
          {
            "type": "minecraft:item",
            "weight": 22,
            "name": "minecraft:wooden_sword"
          },
          {
            "type": "minecraft:item",
            "weight": 10,
            "name": "minecraft:stone_axe"
          }
        ]
      },
      {
        "rolls": 1,
        "entries": [
          {
            "type": "minecraft:empty",
            "weight": 16
          },
          {
            "type": "minecraft:item",
            "weight": 6,
            "name": "minecraft:golden_boots"
          },
          {
            "type": "minecraft:item",
            "weight": 6,
            "name": "minecraft:golden_leggings"
          },
          {
            "type": "minecraft:item",
            "weight": 6,
            "name": "minecraft:golden_chestplate"
          },
          {
            "type": "minecraft:item",
            "weight": 6,
            "name": "minecraft:golden_helmet"
          },
          {
            "type": "minecraft:item",
            "weight": 15,
            "name": "minecraft:leather_boots"
          },
          {
            "type": "minecraft:item",
            "weight": 15,
            "name": "minecraft:leather_leggings"
          },
          {
            "type": "minecraft:item",
            "weight": 15,
            "name": "minecraft:leather_chestplate"
          },
          {
            "type": "minecraft:item",
            "weight": 15,
            "name": "minecraft:leather_helmet"
          }
        ]
      }
    ]
  }
  