{"stats":{"minecraft:killed_by":{"minecraft:player":7},"minecraft:used":{"minecraft:iron_leggings":1,"minecraft:iron_axe":2},"minecraft:custom":{"minecraft:open_barrel":1,"minecraft:time_since_rest":10490,"minecraft:walk_on_water_one_cm":49,"minecraft:damage_dealt":200,"minecraft:damage_taken":3202,"minecraft:leave_game":2,"minecraft:sprint_one_cm":7511,"minecraft:play_time":187194,"minecraft:walk_one_cm":10604,"minecraft:time_since_death":10490,"minecraft:deaths":8,"minecraft:sneak_time":3,"minecraft:total_world_time":187194,"minecraft:damage_resisted":234118,"minecraft:fall_one_cm":1939,"minecraft:fly_one_cm":28675,"minecraft:player_kills":1,"minecraft:jump":154}},"DataVersion":3105}