{"stats":{"minecraft:custom":{"minecraft:interact_with_anvil":1,"minecraft:open_barrel":104,"minecraft:leave_game":6,"minecraft:time_since_death":253032,"minecraft:climb_one_cm":2560,"minecraft:damage_resisted":145299,"minecraft:time_since_rest":253033,"minecraft:sprint_one_cm":460344,"minecraft:damage_taken":394,"minecraft:walk_one_cm":336505,"minecraft:trigger_trapped_chest":3,"minecraft:drop":36,"minecraft:damage_dealt":1047,"minecraft:swim_one_cm":23239,"minecraft:fly_one_cm":2461193,"minecraft:player_kills":7,"minecraft:open_chest":336,"minecraft:crouch_one_cm":4589,"minecraft:play_time":624422,"minecraft:deaths":1,"minecraft:sneak_time":6438,"minecraft:walk_under_water_one_cm":14925,"minecraft:interact_with_lectern":2,"minecraft:jump":4505,"minecraft:interact_with_blast_furnace":10,"minecraft:walk_on_water_one_cm":12376,"minecraft:total_world_time":632017,"minecraft:fall_one_cm":47352},"minecraft:picked_up":{"minecraft:cooked_beef":21,"minecraft:chainmail_chestplate":3,"minecraft:shield":2,"minecraft:golden_boots":1,"minecraft:lapis_lazuli":19,"minecraft:wooden_sword":1,"minecraft:apple":23,"minecraft:iron_sword":3,"minecraft:tipped_arrow":7,"minecraft:torch":2,"minecraft:stone_sword":1,"minecraft:arrow":15,"minecraft:chainmail_leggings":4,"minecraft:iron_helmet":2,"minecraft:crossbow":1,"minecraft:golden_apple":10,"minecraft:bread":3,"minecraft:chainmail_helmet":7},"minecraft:dropped":{"minecraft:golden_boots":8,"minecraft:stone_axe":1,"minecraft:golden_helmet":4,"minecraft:golden_chestplate":4,"minecraft:chainmail_helmet":1,"minecraft:leather_helmet":1,"minecraft:chainmail_chestplate":3,"minecraft:leather_chestplate":2,"minecraft:shield":1,"minecraft:torch":1,"minecraft:leather_boots":1,"minecraft:golden_leggings":4,"minecraft:chainmail_boots":2,"minecraft:leather_leggings":2,"minecraft:chainmail_leggings":1},"minecraft:used":{"minecraft:golden_boots":1,"minecraft:water_bucket":11,"minecraft:leather_leggings":2,"minecraft:stone_sword":1,"minecraft:cobblestone_stairs":6,"minecraft:dirt_path":116,"minecraft:iron_shovel":1,"minecraft:flint_and_steel":1,"minecraft:oak_planks":40,"minecraft:oak_sign":12,"minecraft:light_gray_carpet":3,"minecraft:silverfish_spawn_egg":1,"minecraft:spruce_planks":167,"minecraft:chest":3,"minecraft:stone":141,"minecraft:iron_sword":1,"minecraft:spruce_sign":5,"minecraft:glow_ink_sac":9,"minecraft:debug_stick":20,"minecraft:torch":12,"minecraft:glow_item_frame":6,"minecraft:blast_furnace":10,"minecraft:crossbow":7,"minecraft:blue_ice":1,"minecraft:campfire":1,"minecraft:golden_chestplate":1,"minecraft:tuff":4,"minecraft:spruce_fence":3,"minecraft:spruce_log":71,"minecraft:dark_oak_planks":10,"minecraft:diamond_shovel":34,"minecraft:red_wool":3,"minecraft:black_stained_glass_pane":7,"minecraft:iron_axe":1,"minecraft:grass_block":5,"minecraft:rooted_dirt":1,"minecraft:barrier":1,"minecraft:oak_button":5,"minecraft:stone_button":6,"minecraft:map":1,"minecraft:leather_helmet":1,"minecraft:stone_brick_stairs":125,"minecraft:barrel":18,"minecraft:golden_leggings":1,"minecraft:golden_helmet":1,"minecraft:stone_axe":3,"minecraft:blue_carpet":3,"minecraft:redstone_lamp":4,"minecraft:fishing_rod":3,"minecraft:red_carpet":15,"minecraft:snow":298,"minecraft:cobblestone":9,"minecraft:bow":26,"minecraft:podzol":13,"minecraft:chain_command_block":1,"minecraft:repeating_command_block":1,"minecraft:smooth_stone_slab":31,"minecraft:wither_rose":4,"minecraft:coarse_dirt":1,"minecraft:candle":2},"minecraft:killed_by":{"minecraft:player":1}},"DataVersion":3120}