{"stats":{"minecraft:custom":{"minecraft:interact_with_smithing_table":3,"minecraft:interact_with_crafting_table":46,"minecraft:leave_game":5,"minecraft:time_since_death":119447,"minecraft:damage_resisted":311,"minecraft:sprint_one_cm":187217,"minecraft:walk_one_cm":299600,"minecraft:drop":12,"minecraft:sneak_time":4046,"minecraft:jump":873,"minecraft:walk_on_water_one_cm":75,"minecraft:interact_with_furnace":174,"minecraft:play_one_minute":119447,"minecraft:interact_with_stonecutter":12,"minecraft:time_since_rest":119447,"minecraft:damage_taken":32,"minecraft:fly_one_cm":1050545,"minecraft:open_chest":24,"minecraft:crouch_one_cm":11330,"minecraft:aviate_one_cm":919073,"minecraft:fall_one_cm":9663},"minecraft:crafted":{"minecraft:brick":856,"minecraft:black_dye":69,"minecraft:oak_planks":96,"minecraft:tripwire_hook":4,"minecraft:furnace":8,"minecraft:lever":12,"minecraft:heavy_weighted_pressure_plate":129,"minecraft:iron_bars":160,"minecraft:diamond":36,"minecraft:chest":9,"minecraft:iron_door":36,"minecraft:bricks":205,"minecraft:cauldron":3,"minecraft:crafting_table":5,"minecraft:smithing_table":1,"minecraft:air":0,"minecraft:black_stained_glass":8,"minecraft:diamond_pickaxe":1,"minecraft:stick":16,"minecraft:iron_ingot":891,"minecraft:iron_block":14,"minecraft:stonecutter":3,"minecraft:netherite_ingot":9,"minecraft:acacia_planks":12,"minecraft:clay":32},"minecraft:dropped":{"minecraft:oak_log":5,"minecraft:acacia_log":5,"minecraft:sand":1,"minecraft:white_wool":1,"minecraft:acacia_planks":8,"minecraft:gravel":1,"minecraft:stone":1,"minecraft:jungle_log":2,"minecraft:spruce_log":16},"minecraft:used":{"minecraft:purpur_block":1,"minecraft:iron_bars":118,"minecraft:red_sand":1,"minecraft:acacia_log":1,"minecraft:white_tulip":1,"minecraft:redstone":1,"minecraft:oak_sign":4,"minecraft:polished_basalt":14,"minecraft:chest":10,"minecraft:stone":61,"minecraft:obsidian":4,"minecraft:glass":1,"minecraft:stone_brick_slab":179,"minecraft:sea_lantern":1,"minecraft:bricks":150,"minecraft:red_tulip":1,"minecraft:iron_block":1,"minecraft:grass_block":21,"minecraft:jungle_log":1,"minecraft:quartz_block":1,"minecraft:stone_bricks":90,"minecraft:bedrock":187,"minecraft:basalt":1,"minecraft:tripwire_hook":3,"minecraft:glowstone":1,"minecraft:redstone_lamp":1,"minecraft:black_stained_glass":4,"minecraft:hay_block":1,"minecraft:furnace":8,"minecraft:netherite_pickaxe":19,"minecraft:gold_block":1,"minecraft:crimson_stem":1,"minecraft:water_bucket":2,"minecraft:warped_stem":1,"minecraft:pink_tulip":2,"minecraft:oak_planks":36,"minecraft:orange_tulip":1,"minecraft:blackstone":1,"minecraft:sandstone":8,"minecraft:cauldron":3,"minecraft:clay":1,"minecraft:sugar_cane":1,"minecraft:diamond_axe":491,"minecraft:stonecutter":3,"minecraft:white_wool":3,"minecraft:diamond_block":1,"minecraft:sand":7,"minecraft:comparator":1,"minecraft:oak_slab":25,"minecraft:crafting_table":8,"minecraft:spruce_log":1,"minecraft:redstone_torch":2,"minecraft:oak_log":17,"minecraft:netherite_block":1,"minecraft:lever":10,"minecraft:diamond_pickaxe":1699,"minecraft:cornflower":1,"minecraft:firework_rocket":55,"minecraft:diamond_shovel":532,"minecraft:dark_oak_log":1,"minecraft:command_block":11,"minecraft:heavy_weighted_pressure_plate":16,"minecraft:stone_button":6,"minecraft:gravel":3,"minecraft:iron_door":8,"minecraft:coal_block":1,"minecraft:cobblestone":2,"minecraft:smithing_table":1,"minecraft:birch_log":1,"minecraft:chain_command_block":134,"minecraft:glass_pane":13,"minecraft:repeating_command_block":3,"minecraft:wither_rose":1,"minecraft:dandelion":1},"minecraft:mined":{"minecraft:dark_oak_log":39,"minecraft:sea_lantern":91,"minecraft:obsidian":33,"minecraft:lever":3,"minecraft:red_sand":39,"minecraft:acacia_log":81,"minecraft:grass_block":20,"minecraft:jungle_log":41,"minecraft:coal_block":540,"minecraft:sandstone":5,"minecraft:crimson_stem":45,"minecraft:hay_block":23,"minecraft:glowstone":98,"minecraft:heavy_weighted_pressure_plate":14,"minecraft:polished_basalt":2,"minecraft:diamond_block":43,"minecraft:gold_block":53,"minecraft:red_tulip":4,"minecraft:iron_bars":6,"minecraft:warped_stem":34,"minecraft:pink_tulip":1,"minecraft:stone":344,"minecraft:iron_block":108,"minecraft:white_wool":2,"minecraft:netherite_block":40,"minecraft:quartz_block":12,"minecraft:blackstone":25,"minecraft:lily_of_the_valley":3,"minecraft:basalt":80,"minecraft:stone_brick_slab":6,"minecraft:dandelion":5,"minecraft:crafting_table":1,"minecraft:clay":333,"minecraft:cornflower":4,"minecraft:chest":3,"minecraft:glass":70,"minecraft:sugar_cane":240,"minecraft:bricks":63,"minecraft:iron_door":3,"minecraft:spruce_log":53,"minecraft:orange_tulip":2,"minecraft:purpur_block":17,"minecraft:wither_rose":22,"minecraft:oak_log":159,"minecraft:gravel":79,"minecraft:sand":66,"minecraft:stonecutter":1,"minecraft:stone_bricks":25},"minecraft:picked_up":{"minecraft:crafting_table":1,"minecraft:clay_ball":1300,"minecraft:gold_block":53,"minecraft:wither_rose":88,"minecraft:purpur_block":17,"minecraft:brick":36,"minecraft:heavy_weighted_pressure_plate":14,"minecraft:cornflower":57,"minecraft:netherite_ingot":8,"minecraft:blackstone":32,"minecraft:red_sand":39,"minecraft:chest":3,"minecraft:sugar_cane":827,"minecraft:coal_block":1057,"minecraft:black_stained_glass":4,"minecraft:sandstone":2,"minecraft:stone":193,"minecraft:acacia_log":86,"minecraft:prismarine_crystals":101,"minecraft:black_dye":4,"minecraft:quartz_block":12,"minecraft:polished_basalt":57,"minecraft:hay_block":23,"minecraft:iron_block":108,"minecraft:red_tulip":90,"minecraft:pink_tulip":70,"minecraft:glowstone":76,"minecraft:obsidian":37,"minecraft:iron_bars":6,"minecraft:white_wool":3,"minecraft:cobblestone":161,"minecraft:basalt":79,"minecraft:iron_door":3,"minecraft:crimson_stem":45,"minecraft:jungle_log":43,"minecraft:flint":10,"minecraft:oak_log":169,"minecraft:dirt":14,"minecraft:glass":72,"minecraft:acacia_planks":8,"minecraft:stone_bricks":25,"minecraft:stonecutter":1,"minecraft:orange_tulip":86,"minecraft:warped_stem":34,"minecraft:iron_ingot":324,"minecraft:glowstone_dust":108,"minecraft:stone_brick_slab":10,"minecraft:dandelion":65,"minecraft:gravel":70,"minecraft:sand":68,"minecraft:diamond_block":44,"minecraft:spruce_log":69,"minecraft:grass_block":2,"minecraft:lily_of_the_valley":87,"minecraft:sea_lantern":58,"minecraft:dark_oak_log":39,"minecraft:netherite_block":48,"minecraft:firework_rocket":17,"minecraft:clay":8,"minecraft:diamond":33,"minecraft:lever":3,"minecraft:bricks":116}},"DataVersion":2584}