{"stats":{"minecraft:custom":{"minecraft:mob_kills":18,"minecraft:interact_with_crafting_table":24,"minecraft:leave_game":21,"minecraft:time_since_death":62513,"minecraft:climb_one_cm":10,"minecraft:sprint_one_cm":7928,"minecraft:walk_one_cm":221176,"minecraft:drop":173,"minecraft:talked_to_villager":15,"minecraft:sneak_time":11107,"minecraft:play_time":289914,"minecraft:deaths":8,"minecraft:walk_under_water_one_cm":12522,"minecraft:jump":293,"minecraft:walk_on_water_one_cm":10737,"minecraft:total_world_time":61710,"minecraft:interact_with_furnace":1,"minecraft:time_since_rest":62543,"minecraft:damage_taken":1830,"minecraft:damage_dealt":5243,"minecraft:swim_one_cm":95,"minecraft:fly_one_cm":1548294,"minecraft:open_chest":90,"minecraft:crouch_one_cm":12062},"minecraft:dropped":{"minecraft:chiseled_nether_bricks":1,"minecraft:oak_log":1,"minecraft:diamond":52,"minecraft:deepslate_diamond_ore":1,"minecraft:cobblestone":9,"minecraft:netherite_scrap":46,"minecraft:oak_stairs":1,"minecraft:gold_ingot":52,"minecraft:stone_sword":1,"minecraft:oak_planks":2,"minecraft:ender_eye":1,"minecraft:cobblestone_slab":10,"minecraft:chest":1,"minecraft:end_portal_frame":1,"minecraft:basalt":1,"minecraft:stone_pickaxe":2},"minecraft:picked_up":{"minecraft:crafting_table":3,"minecraft:brown_mushroom":1,"minecraft:wooden_pickaxe":2,"minecraft:oak_stairs":1,"minecraft:netherite_scrap":174,"minecraft:gold_nugget":2,"minecraft:bucket":1,"minecraft:beef":3,"minecraft:cobblestone_slab":37,"minecraft:chest":1,"minecraft:stick":4,"minecraft:porkchop":9,"minecraft:stone_sword":2,"minecraft:arrow":2,"minecraft:rotten_flesh":3,"minecraft:gold_ingot":180,"minecraft:cobblestone":284,"minecraft:glow_ink_sac":13,"minecraft:leather":2,"minecraft:oak_log":6,"minecraft:gunpowder":8,"minecraft:dirt":136,"minecraft:bone":2,"minecraft:stone_pickaxe":5,"minecraft:oak_planks":17,"minecraft:diamond":180,"minecraft:oak_sapling":7,"minecraft:ender_pearl":4},"minecraft:mined":{"minecraft:oak_sapling":4,"minecraft:grass_block":36,"minecraft:cobblestone_slab":36,"minecraft:red_bed":3,"minecraft:crafting_table":3,"minecraft:chest":1,"minecraft:cobblestone":327,"minecraft:oak_planks":3,"minecraft:ice":1,"minecraft:oak_log":6,"minecraft:dirt":45,"minecraft:oak_leaves":16},"minecraft:killed":{"minecraft:zombified_piglin":2,"minecraft:skeleton":1,"minecraft:pig":3,"minecraft:creeper":3,"minecraft:zombie":1,"minecraft:villager":4,"minecraft:cow":1,"minecraft:enderman":3},"minecraft:crafted":{"minecraft:oak_planks":20,"minecraft:cobblestone_slab":264,"minecraft:furnace":1,"minecraft:stone_pickaxe":3,"minecraft:crafting_table":1,"minecraft:wooden_pickaxe":1,"minecraft:stick":12,"minecraft:stone_sword":3},"minecraft:broken":{"minecraft:stone_pickaxe":2},"minecraft:killed_by":{"minecraft:skeleton":1,"minecraft:witch":2},"minecraft:used":{"minecraft:moss_block":10,"minecraft:oak_fence":39,"minecraft:nether_brick_fence":29,"minecraft:stone_sword":45,"minecraft:flint_and_steel":13,"minecraft:chest":8,"minecraft:tinted_glass":4,"minecraft:stone":536,"minecraft:nether_wart":28,"minecraft:deepslate_gold_ore":20,"minecraft:bell":1,"minecraft:exposed_cut_copper_stairs":6,"minecraft:netherrack":20,"minecraft:cut_copper_stairs":91,"minecraft:oak_door":3,"minecraft:bee_spawn_egg":3,"minecraft:soul_campfire":1,"minecraft:torch":12,"minecraft:dirt":355,"minecraft:soul_sand":70,"minecraft:spyglass":19,"minecraft:lily_of_the_valley":2,"minecraft:cut_copper":1,"minecraft:nether_bricks":190,"minecraft:allium":1,"minecraft:weathered_cut_copper_stairs":7,"minecraft:bee_nest":1,"minecraft:raw_iron_block":9,"minecraft:glow_lichen":36,"minecraft:axolotl_bucket":4,"minecraft:azure_bluet":1,"minecraft:nether_brick_stairs":10,"minecraft:oak_fence_gate":1,"minecraft:obsidian":51,"minecraft:small_dripleaf":2,"minecraft:big_dripleaf":1,"minecraft:glow_squid_spawn_egg":9,"minecraft:flowering_azalea":1,"minecraft:lava_bucket":2,"minecraft:coal_ore":13,"minecraft:red_tulip":2,"minecraft:villager_spawn_egg":6,"minecraft:grass_block":160,"minecraft:lantern":1,"minecraft:oak_stairs":88,"minecraft:blue_orchid":1,"minecraft:rooted_dirt":7,"minecraft:spawner":2,"minecraft:copper_ore":8,"minecraft:raw_gold_block":6,"minecraft:piglin_brute_spawn_egg":17,"minecraft:smooth_basalt":32,"minecraft:blaze_spawn_egg":6,"minecraft:deepslate_diamond_ore":22,"minecraft:bedrock":1,"minecraft:basalt":13,"minecraft:glowstone":47,"minecraft:raw_copper_block":8,"minecraft:furnace":1,"minecraft:oak_sapling":18,"minecraft:deepslate_tile_stairs":4,"minecraft:oxidized_cut_copper_stairs":2,"minecraft:powder_snow_bucket":14,"minecraft:seagrass":3,"minecraft:hanging_roots":12,"minecraft:pointed_dripstone":24,"minecraft:deepslate_emerald_ore":13,"minecraft:calcite":13,"minecraft:emerald_ore":3,"minecraft:water_bucket":59,"minecraft:cow_spawn_egg":2,"minecraft:amethyst_block":8,"minecraft:iron_ore":10,"minecraft:cobblestone_stairs":9,"minecraft:dirt_path":2,"minecraft:stone_pickaxe":361,"minecraft:oak_planks":15,"minecraft:copper_block":2,"minecraft:blackstone":98,"minecraft:wooden_pickaxe":7,"minecraft:sheep_spawn_egg":2,"minecraft:chiseled_nether_bricks":3,"minecraft:cobblestone_slab":284,"minecraft:gold_ore":13,"minecraft:oak_leaves":23,"minecraft:glow_berries":14,"minecraft:tnt":2,"minecraft:crafting_table":5,"minecraft:red_bed":5,"minecraft:dripstone_block":7,"minecraft:lightning_rod":2,"minecraft:nether_gold_ore":20,"minecraft:oak_log":32,"minecraft:amethyst_cluster":2,"minecraft:piston":5,"minecraft:netherite_block":2,"minecraft:lever":2,"minecraft:ender_eye":24,"minecraft:cornflower":2,"minecraft:oxeye_daisy":1,"minecraft:diamond_shovel":29,"minecraft:command_block":2,"minecraft:pig_spawn_egg":5,"minecraft:netherite_axe":13,"minecraft:lapis_ore":5,"minecraft:spore_blossom":6,"minecraft:cracked_nether_bricks":19,"minecraft:diamond_ore":11,"minecraft:deepslate":364,"minecraft:budding_amethyst":4,"minecraft:soul_lantern":1,"minecraft:diamond_sword":33,"minecraft:cobblestone":272,"minecraft:repeating_command_block":18,"minecraft:bucket":6,"minecraft:piglin_spawn_egg":13,"minecraft:glass_pane":9,"minecraft:black_candle":1,"minecraft:ice":1,"minecraft:end_portal_frame":30,"minecraft:goat_spawn_egg":2,"minecraft:kelp":2,"minecraft:bone_meal":71,"minecraft:candle":7,"minecraft:splash_potion":2}},"DataVersion":2724}