{"stat.chestOpened":2,"stat.craftItem.minecraft.leather_leggings":2,"stat.useItem.minecraft.quartz_block":220,"stat.useItem.minecraft.stone":145,"stat.useItem.minecraft.quartz_stairs":59,"stat.useItem.minecraft.repeater":11,"stat.leaveGame":16,"stat.useItem.minecraft.bookshelf":1,"stat.useItem.minecraft.skull":11,"stat.useItem.minecraft.carpet":12,"stat.useItem.minecraft.stained_glass_pane":31,"stat.jump":1484,"stat.useItem.minecraft.iron_trapdoor":1,"stat.useItem.minecraft.snow":2,"stat.useItem.minecraft.planks":142,"stat.climbOneCm":11661,"stat.fallOneCm":10879,"stat.crouchOneCm":7065,"stat.useItem.minecraft.redstone_torch":2,"stat.useItem.minecraft.stone_button":10,"stat.useItem.minecraft.dirt":51,"achievement.exploreAllBiomes":{"value":0,"progress":["Ocean","Plains","The Void"]},"stat.craftingTableInteraction":2,"stat.useItem.minecraft.sapling":16,"stat.useItem.minecraft.leaves2":1,"stat.useItem.minecraft.vine":94,"stat.damageTaken":2160,"stat.useItem.minecraft.stone_brick_stairs":17,"stat.useItem.minecraft.rail":7,"stat.useItem.minecraft.furnace":4,"stat.useItem.minecraft.gold_block":2,"stat.useItem.minecraft.spruce_fence_gate":1,"stat.useItem.minecraft.anvil":6,"stat.flyOneCm":910211,"stat.useItem.minecraft.enchanting_table":1,"stat.useItem.minecraft.wool":46,"stat.timeSinceDeath":13705,"stat.useItem.minecraft.sign":9,"stat.useItem.minecraft.crafting_table":2,"stat.cauldronFilled":3,"stat.useItem.minecraft.iron_bars":38,"stat.useItem.minecraft.command_block":84,"stat.walkOneCm":471149,"stat.useItem.minecraft.torch":20,"stat.useItem.minecraft.chest":1,"stat.useItem.minecraft.lever":2,"stat.useItem.minecraft.log":203,"stat.useItem.minecraft.oak_stairs":9,"stat.useItem.minecraft.comparator":3,"stat.useItem.minecraft.cobblestone":406,"stat.furnaceInteraction":2,"stat.craftItem.minecraft.leather_boots":2,"stat.useItem.minecraft.redstone_block":3,"stat.useItem.minecraft.item_frame":22,"stat.useItem.minecraft.redstone":32,"stat.useItem.minecraft.sea_lantern":23,"stat.useItem.minecraft.milk_bucket":1,"stat.useItem.minecraft.spruce_stairs":105,"stat.useItem.minecraft.stained_hardened_clay":988,"stat.useItem.minecraft.trapdoor":1,"stat.useItem.minecraft.leaves":2,"stat.sprintOneCm":18262,"stat.useItem.minecraft.fence":2,"stat.useItem.minecraft.stone_stairs":132,"stat.useItem.minecraft.fireworks":41,"stat.useItem.minecraft.prismarine":4,"stat.useItem.minecraft.stone_slab":278,"stat.useItem.minecraft.tripwire_hook":4,"stat.useItem.minecraft.bed":2,"achievement.openInventory":317,"stat.useItem.minecraft.cauldron":3,"stat.itemEnchanted":1,"stat.useItem.minecraft.stone_pressure_plate":38,"stat.useItem.minecraft.stonebrick":16,"stat.useItem.minecraft.dye":34,"stat.deaths":8,"stat.useItem.minecraft.cobblestone_wall":65,"stat.useItem.minecraft.spruce_door":1,"stat.drop":2,"stat.playOneMinute":380124,"stat.craftItem.minecraft.leather_chestplate":2,"stat.useItem.minecraft.banner":6,"stat.useItem.minecraft.ladder":48}