{"stat.useItem.minecraft.brick_stairs":258,"stat.pickup.minecraft.repeating_command_block":2,"stat.pickup.minecraft.tripwire_hook":1,"stat.useItem.minecraft.end_bricks":45,"stat.useItem.minecraft.chain_command_block":72,"stat.useItem.minecraft.quartz_block":1936,"stat.pickup.minecraft.redstone_torch":7,"stat.useItem.minecraft.repeater":102,"stat.leaveGame":209,"stat.useItem.minecraft.soul_sand":7,"stat.useItem.minecraft.repeating_command_block":32,"stat.useItem.minecraft.glowstone":5654,"stat.swimOneCm":22791,"stat.useItem.minecraft.snow":1649,"stat.useItem.minecraft.concrete_powder":1,"stat.useItem.minecraft.planks":2674,"stat.climbOneCm":16553,"stat.pickup.minecraft.glowstone":1,"stat.useItem.minecraft.end_rod":391,"stat.useItem.minecraft.nether_brick_stairs":420,"stat.useItem.minecraft.chorus_flower":3,"stat.pickup.minecraft.porkchop":743,"stat.useItem.minecraft.coal_block":87,"stat.useItem.minecraft.obsidian":2143,"stat.useItem.minecraft.redstone_torch":1,"stat.useItem.minecraft.dirt":427,"stat.useItem.minecraft.stone_slab2":14217,"stat.useItem.minecraft.water_bucket":154,"stat.useItem.minecraft.sandstone_stairs":588,"stat.useItem.minecraft.leaves2":74,"stat.useItem.minecraft.red_nether_brick":298,"stat.useItem.minecraft.brick_block":1085,"stat.flyOneCm":24208464,"stat.pickup.minecraft.redstone":6,"stat.timeSinceDeath":345248,"stat.useItem.minecraft.sign":68,"stat.useItem.minecraft.wooden_slab":751,"stat.pickup.minecraft.double_plant":9,"stat.drop.minecraft.flint_and_steel":1,"stat.pickup.minecraft.carpet":76,"stat.useItem.minecraft.dark_oak_stairs":34,"stat.drop.minecraft.wool":1,"stat.pickup.minecraft.wooden_button":3,"stat.useItem.minecraft.end_stone":1277,"stat.useItem.minecraft.purpur_pillar":123,"stat.useItem.minecraft.redstone":121,"stat.useItem.minecraft.sea_lantern":54,"stat.drop.minecraft.cactus":1,"stat.useItem.minecraft.red_sandstone":1572,"stat.useItem.minecraft.trapdoor":48,"stat.sprintOneCm":666595,"stat.useItem.minecraft.stained_glass":524,"stat.useItem.minecraft.diamond_block":166,"stat.useItem.minecraft.fence":127,"stat.useItem.minecraft.stone_stairs":40,"stat.useItem.minecraft.stone_slab":3897,"stat.useItem.minecraft.acacia_fence":339,"stat.useItem.minecraft.ice":1620,"stat.useItem.minecraft.flint_and_steel":905,"stat.pickup.minecraft.grass":1,"stat.useItem.minecraft.wooden_button":1,"stat.useItem.minecraft.dye":150,"stat.pickup.minecraft.lever":1,"stat.deaths":265,"stat.drop":19,"stat.playOneMinute":1712759,"stat.pickup.minecraft.stone_button":57,"stat.useItem.minecraft.ladder":55,"stat.useItem.minecraft.nether_brick":965,"stat.useItem.minecraft.diamond_ore":3,"stat.useItem.minecraft.purpur_block":574,"stat.pickup.minecraft.sea_lantern":1,"stat.useItem.minecraft.birch_stairs":221,"stat.diveOneCm":36668,"stat.pickup.minecraft.sign":2,"stat.useItem.minecraft.stone":1451,"stat.useItem.minecraft.quartz_stairs":2467,"stat.drop.minecraft.ladder":1,"stat.pickup.minecraft.stained_glass_pane":1,"stat.useItem.minecraft.carpet":2,"stat.useItem.minecraft.stained_glass_pane":34,"stat.useItem.minecraft.packed_ice":523,"stat.useItem.minecraft.quartz_ore":253,"stat.useItem.minecraft.bedrock":1,"stat.jump":5998,"stat.useItem.minecraft.sand":1,"stat.fallOneCm":437407,"stat.crouchOneCm":226626,"stat.useItem.minecraft.nether_brick_fence":205,"stat.useItem.minecraft.coal_ore":2,"stat.useItem.minecraft.stone_button":31,"stat.drop.minecraft.glowstone":1,"stat.drop.minecraft.stained_glass_pane":1,"stat.useItem.minecraft.glass":119,"stat.useItem.minecraft.sapling":17,"stat.pickup.minecraft.repeater":11,"stat.useItem.minecraft.dark_oak_fence":154,"stat.damageTaken":42990,"stat.useItem.minecraft.stone_brick_stairs":454,"stat.useItem.minecraft.gold_block":4,"stat.drop.minecraft.stone_button":2,"stat.drop.minecraft.water_bucket":2,"stat.useItem.minecraft.end_portal_frame":166,"stat.pickup.minecraft.wheat_seeds":2,"stat.useItem.minecraft.birch_fence":797,"stat.pickup.minecraft.emerald_block":2,"stat.damageDealt":25,"stat.useItem.minecraft.wool":8593,"stat.useItem.minecraft.snow_layer":1046,"stat.drop.minecraft.emerald_block":1,"stat.useItem.minecraft.command_block":171,"stat.walkOneCm":1256867,"stat.useItem.minecraft.torch":1,"stat.drop.minecraft.stone_brick_stairs":1,"stat.useItem.minecraft.log":1288,"stat.useItem.minecraft.comparator":20,"stat.useItem.minecraft.cobblestone":556,"stat.useItem.minecraft.emerald_block":18,"stat.useItem.minecraft.lava_bucket":79,"stat.useItem.minecraft.nether_wart_block":208,"stat.useItem.minecraft.redstone_block":1,"stat.useItem.minecraft.spruce_stairs":12,"stat.useItem.minecraft.stained_hardened_clay":6111,"stat.useItem.minecraft.leaves":621,"stat.pickup.minecraft.wooden_door":2,"stat.useItem.minecraft.redstone_ore":2,"stat.useItem.minecraft.cactus":50,"stat.pickup.minecraft.ladder":11,"stat.useItem.minecraft.concrete":3161,"stat.pickup.minecraft.banner":8,"stat.useItem.minecraft.glass_pane":4,"stat.useItem.minecraft.netherrack":2835,"stat.useItem.minecraft.barrier":86,"stat.useItem.minecraft.stonebrick":419,"stat.drop.minecraft.repeating_command_block":3,"stat.pickup.minecraft.water_bucket":2,"stat.useItem.minecraft.monster_egg":38,"stat.pickup.minecraft.torch":53,"stat.pickup.minecraft.red_flower":25,"stat.sneakTime":157968,"stat.pickup.minecraft.wool":1,"stat.drop.minecraft.sea_lantern":1,"stat.drop.minecraft.grass":3,"stat.useItem.minecraft.sandstone":1871}