{
  "type": "minecraft:chest",
  "pools": [
    {
      "rolls": 1,
      "entries": [
        {
          "type": "minecraft:empty",
          "weight": 50
        },
        {
          "type": "minecraft:item",
          "weight": 50,
          "name": "minecraft:stick",
          "functions": [
            {
              "function": "minecraft:set_count",
              "count": {
                "min": 1,
                "max": 3
              }
            }
          ]
        }
      ]
    },
    {
      "rolls": 1,
      "entries": [
        {
          "type": "minecraft:item",
          "weight": 5,
          "name": "minecraft:stone_sword"
        },
        {
          "type": "minecraft:item",
          "weight": 10,
          "name": "minecraft:shield"
        },
        {
          "type": "minecraft:item",
          "weight": 5,
          "name": "minecraft:wooden_shovel"
        },
        {
          "type": "minecraft:item",
          "weight": 35,
          "name": "minecraft:wooden_axe"
        },
        {
          "type": "minecraft:item",
          "weight": 10,
          "name": "minecraft:stone_axe"
        },
        {
          "type": "minecraft:item",
          "weight": 35,
          "name": "minecraft:wooden_sword"
        }
      ]
    },
    {
      "rolls": 1,
      "entries": [
        {
          "type": "minecraft:empty",
          "weight": 20
        },
        {
          "type": "minecraft:item",
          "weight": 40,
          "name": "minecraft:chainmail_leggings"
        },
        {
          "type": "minecraft:item",
          "weight": 40,
          "name": "minecraft:leather_leggings"
        }
      ]
    },
    {
      "rolls": 1,
      "entries": [
        {
          "type": "minecraft:item",
          "weight": 20,
          "name": "minecraft:chainmail_chestplate"
        },
        {
          "type": "minecraft:empty",
          "weight": 40
        },
        {
          "type": "minecraft:item",
          "weight": 40,
          "name": "minecraft:leather_chestplate"
        }
      ]
    },
    {
      "rolls": 2,
      "bonus_rolls": 50,
      "entries": [
        {
          "type": "minecraft:item",
          "weight": 50,
          "name": "minecraft:cooked_beef",
          "functions": [
            {
              "function": "minecraft:set_count",
              "count": {
                "min": 1,
                "max": 3
              }
            }
          ]
        },
        {
          "type": "minecraft:item",
          "weight": 50,
          "name": "minecraft:bread",
          "functions": [
            {
              "function": "minecraft:set_count",
              "count": {
                "min": 1,
                "max": 3
              }
            }
          ]
        }
      ]
    }
  ]
}
